id,display,rank
2670,Vestergade,4095
2865,Domkirken,3075
2361,Studsgade,2994
653,Frederiksgade,2266
2138,Skolegade,1590
2739,Volden,1459
2335,Store Torv,1412
623,Fiskergade,1378
2871,Frue Kirke,1366
2410,Søndergade,1304
1594,Mejlgade,1270
1286,Klostergade,1133
1976,Rosensgade,1067
2795,Østergade,1011
2868,Vennelyst,917
2820,Åboulevarden,837
784,Guldsmedgade,818
918,Aarhus Havn,733
97,Badstuegade,712
1786,Nørregade,700
1448,Lille Torv,652
2007,Ryesgade,599
1609,Mindegade,584
645,Fredensgade,531
2443,Tangen,489
1205,Kannikegade,485
772,Grønnegade,483
1785,Nørrebrogade,462
2111,Sjællandsgade,429
107740,Risskov,408
1687,Møllestien,407
2869,Hotel Royal,387
1113,Immervad,362
1579,Marselisborg Skov,336
2866,Raadhuset,273
2274,Spanien,266
2678,Vesterport,258
2473,Thunøgade,253
1942,Riis Skov,236
1297,Knudrisgade,229
1369,Kystvejen,213
1753,Ny Munkegade,207
2170,Skovvejen,204
2070,Samsøgade,193
1476,Lollandsgade,191
2405,Sølystgade,189
1846,Paradisgade,184
2136,Skolebakken,181
1748,Norsgade,179
183,Bispetorvet,179
1974,Rosenkrantzgade,165
2626,Valdemarsgade,161
1799,Odensegade,147
127,Banegårdsgade,139
601,Falstersgade,136
917,Havnegade,136
2668,Vesterbrogade,135
981,Hjelmensgade,130
1624,Montanagade,124
243,Brammersgade,122
1758,Nygade,115
42,Amaliegade,111
1582,Marstrandsgade,105
983,Hjortensgade,102
1183,Jægergårdsgade,98
94503,Vestergade 5,95
651,Frederiks Alle,93
372,Christiansgade,93
2357,Strandvejen,87
2873,Sct. Pauls Kirke,85
744,Godthåbsgade,81
937,Heibergsgade (1909-),80
8,Absalonsgade,80
1939,Ridderstræde,79
1128,Istedgade,79
2878,Søndre Kirkegaard,77
384,Dalgas Avenue,75
94496,Vestergade 3,70
1679,Møllegade,70
2584,Trøjborgvej,67
84450,Studsgade 3,66
1783,Nørre Alle,65
2594,Tværgade,61
2396,Søgade,61
1620,Molsgade,60
2528,Tordenskjoldsgade (1901-),59
75547,Skolegade 21,58
406,Dannebrogsgade,56
2139,Skolegyde,54
696,Fåborggade (1906-),54
951,Helgolandsgade,51
75541,Skolegade 15,50
26870,Graven 23,50
97073,Volden 22,49
1405,Langelandsgade,48
1487,Lundingsgade,47
94535,Vestergade 39,47
2876,Sct. Olufs Kirkegaard,47
2169,Skovvangsvej,46
995,Holbergsgade,45
1253,Kirkegårdsvej,45
624,Fiskergyde,45
75557,Skolegade 33,45
649,Fredericiagade,44
55168,Mindegade 6,44
2755,Willemoesgade,43
1197,Kaløgade,43
595,Ewaldsgade,42
94517,Vestergade 21,41
2756,Wilstersgade,40
94509,Vestergade 11,40
75544,Skolegade 19,39
107746,Rosenvænget,38
948,Helgenæsgade,38
68843,Ryesgade 23,37
84481,Studsgade 35,37
26868,Graven 21,37
97069,Volden 18,37
1338,Kriegersvej,36
1576,Marselisborg Alle,36
2879,Svaneapoteket,36
23991,Frederiksgade 18,36
97057,Volden 2,35
75537,Skolegade 7,35
94510,Vestergade 15,35
643,Fredens Torv,35
54794,Mejlgade 21,35
2089,Schleppegrellsgade,35
2872,Katolsk Kirke,35
84455,Studsgade 6,35
2870,Vor Frue Kirke,34
85757,Søndergade 17,34
221,Bogensegade (1918-),34
34,Alleen,33
258,Brendstrupvej,33
85751,Søndergade 11,33
23993,Frederiksgade 22,33
2788,Østbanetorvet,32
83690,Store Torv 14,32
2522,Toldbodgade,32
60872,Nørregade 14,32
75543,Skolegade 17,31
75553,Skolegade 28,31
50502,Lille Torv 6,31
50501,Lille Torv 4,31
5198,Badstuegade 9,31
85765,Søndergade 30,30
24034,Frederiksgade 71,30
94515,Vestergade 19,30
1656,Museumsgade,29
83682,Store Torv 6,29
97061,Volden 9,29
85741,Søndergade 2,28
1018,Horsensgade,28
24035,Frederiksgade 72,28
94519,Vestergade 24,27
75539,Skolegade 9,27
54829,Mejlgade 43,27
67534,Rosensgade 30,26
42545,Kannikegade 18,26
60874,Nørregade 16,26
612,Ferdinandspladsen,25
38993,Immervad 1,25
23694,Fredensgade 9,25
54771,Mejlgade 5,25
67492,Rosenkrantzgade 10,25
2067,Saltholmsgade,25
68839,Ryesgade 16,25
31855,Havnegade 4,25
2404,Sølyst,25
666,Frue Kirkeplads,25
26823,Graven 8,24
28545,Guldsmedgade 3,24
26877,Graven 27,24
94495,Vestergade 1,24
85748,Søndergade 8,24
67515,Rosensgade 12,24
42542,Kannikegade 12,24
67542,Rosensgade 36,24
1397,Landevejen,24
26830,Graven 14,24
83679,Store Torv 3,24
97067,Volden 16,24
68846,Ryesgade 25,24
85766,Søndergade 32,24
75548,Skolegade 23,24
652,Frederiksbjerg Torv,23
2874,Sct. Johannes Kirke,23
98530,Østergade 1,23
94508,Vestergade 8,23
96,Badevej,23
200,Blegdammen (1913-),23
60866,Nørregade 8,23
23987,Frederiksgade 12,23
98532,Østergade 4,23
54796,Mejlgade 25,22
439,Dybbølgade,22
50500,Lille Torv 2,22
45599,Klostergade 1,22
26833,Graven 16,22
67533,Rosensgade 28,22
23706,Fredensgade 22,22
85744,Søndergade 5,22
55174,Mindegade 11,22
94550,Vestergade 48,22
68833,Ryesgade 10,22
24009,Frederiksgade 38,21
38995,Immervad 3,21
670,Frydenlund,21
24046,Frederiksgade 74,21
84479,Studsgade 33,21
81058,Spanien 11,21
94560,Vestergade 49,21
23986,Frederiksgade 11,21
60883,Nørregade 30,21
976,Hjarnøgade (1912-),21
84473,Studsgade 29,21
68825,Ryesgade 3,21
83685,Store Torv 8,21
685,Fynsgade,21
94533,Vestergade 36,21
1787,Nørreport,21
75549,Skolegade 24,21
94580,Vestergade 58,21
94574,Vestergade 56,21
97060,Volden 7,21
931,Hedemannsgade (1911-),21
23982,Frederiksgade 2,21
85755,Søndergade 15,21
75551,Skolegade 26,21
2451,Teglværksgade (1917-),20
45635,Klostergade 56,20
81,Assensgade (1907-),20
97076,Volden 25,20
26869,Graven 22,20
68858,Ryesgade 33,20
75556,Skolegade 32,20
75552,Skolegade 27,20
23983,Frederiksgade 5,20
85749,Søndergade 9,20
547,Engelstoft,20
24017,Frederiksgade 44,19
98534,Østergade 8,19
94518,Vestergade 22,19
54849,Mejlgade 52,19
24060,Frederiksgade 79,19
54817,Mejlgade 39,19
60841,Nørrebrogade 12,19
53,Anholtsgade,19
87791,Thunøgade 1,19
84457,Studsgade 7,19
54809,Mejlgade 35,19
2561,Trepkasgade (1911-),19
94567,Vestergade 53,19
84472,Studsgade 28,19
85790,Søndergade 68,19
94520,Vestergade 25,19
54772,Mejlgade 7,18
38998,Immervad 7,18
94524,Vestergade 30,18
423,Domkirkepladsen,18
42541,Kannikegade 10,18
84465,Studsgade 17,18
2667,Vesterbro Torv,18
790,Gyden,18
60879,Nørregade 22,18
85742,Søndergade 3,18
85747,Søndergade 7,18
85594,Sølystgade 3,17
2102,Silkeborgvej,17
5207,Badstuegade 16,17
23989,Frederiksgade 16,17
60867,Nørregade 9,17
5209,Badstuegade 18,17
85753,Søndergade 12,17
24055,Frederiksgade 78,17
5197,Badstuegade 8,17
54865,Mejlgade 72,17
23995,Frederiksgade 25,17
1824,Orla Lehmanns Alle,17
68852,Ryesgade 29,17
54835,Mejlgade 47,17
28562,Guldsmedgade 22,17
60855,Nørrebrogade 28,16
45619,Klostergade 30,16
2407,Sønder Alle,16
45628,Klostergade 34,16
1079,Højen,16
85771,Søndergade 39,16
97072,Volden 21,16
75554,Skolegade 29,16
85743,Søndergade 4,16
5193,Badstuegade 3,16
94514,Vestergade 17,16
51076,Lollandsgade 4,16
60887,Nørregade 36,16
54862,Mejlgade 70,16
763,Grænsen,16
23709,Fredensgade 25,16
2308,Steinmannsgade (1911-),15
54872,Mejlgade 76,15
94530,Vestergade 35,15
54801,Mejlgade 27,15
180,Bispegade,15
186,Bissensgade,15
54821,Mejlgade 41,15
45617,Klostergade 22,15
68826,Ryesgade 4,15
1574,Marselis Boulevard (1932-),15
45601,Klostergade 2,15
83678,Store Torv 1,15
32,Aldersrovej,15
83683,Store Torv 7,15
23998,Frederiksgade 26,15
83681,Store Torv 5,15
85791,Søndergade 70,15
97079,Volden 27,15
23992,Frederiksgade 20,15
1485,Lunden,15
84454,Studsgade 5,15
54793,Mejlgade 20,15
85784,Søndergade 56,15
67538,Rosensgade 32,15
32193,Heibergsgade 21,15
26839,Graven 18,15
1287,Klosterport (1913-),15
85764,Søndergade 27,14
73146,Sjællandsgade 93,14
2076,Sandgravvej,14
23710,Fredensgade 26,14
1118,Ingerslevs Boulevard,14
85793,Søndergade 74,14
67541,Rosensgade 34,14
28302,Grønnegade 4,14
59209,Norsgade 31,14
39177,Istedgade 8,14
94507,Vestergade 7,14
1539,Maden,14
54855,Mejlgade 57,14
963,Herredsvej,14
2610,Udsigten,14
63303,Paradisgade 8,14
60870,Nørregade 12,14
28550,Guldsmedgade 8,14
98544,Østergade 31,14
67516,Rosensgade 14,14
60836,Nørrebrogade 4,14
87150,Tangen 2,14
84495,Studsgade 48,14
54878,Mejlgade 78,14
23981,Frederiksgade 1,14
23700,Fredensgade 17,13
97058,Volden 3,13
621,Finsensgade,13
2789,Østboulevarden,13
60884,Nørregade 32,13
85646,Sølystgade 46,13
109073,Aarhus Mark,13
26814,Graven 5,13
59204,Norsgade 27,13
23999,Frederiksgade 27,13
98546,Østergade 35,13
84459,Studsgade 8,13
68836,Ryesgade 11,13
54830,Mejlgade 44,13
23994,Frederiksgade 24,13
45613,Klostergade 19,13
84494,Studsgade 46,13
28549,Guldsmedgade 6,13
85756,Søndergade 16,13
1162,Jerichausgade,13
26817,Graven 7,12
2351,Strandparken (1934-),12
94563,Vestergade 51,12
84451,Studsgade 4,12
85754,Søndergade 14,12
108275,Svinetorvet,12
59185,Norsgade 14,12
54412,Marstrandsgade 23,12
26810,Graven 3,12
67525,Rosensgade 20,12
67493,Rosenkrantzgade 11,12
94561,Vestergade 50,12
399,Dammen,12
24005,Frederiksgade 34,12
1119,Ingerslevs Plads,12
83686,Store Torv 9,12
45607,Klostergade 10,12
60835,Nørrebrogade 3,12
109006,Dynkarken,12
85788,Søndergade 64,12
42536,Kannikegade 1,12
68837,Ryesgade 12,12
32191,Heibergsgade 19,12
75558,Skolegade 37,12
24002,Frederiksgade 31,12
97082,Volden 30,12
54820,Mejlgade 40,12
226,Borggade (1930-),12
33697,Hjelmensgade 14,12
87852,Thunøgade 56,11
85780,Søndergade 49,11
54857,Mejlgade 65,11
23736,Fredensgade 43,11
23985,Frederiksgade 9,11
1521,Læssøesgade,11
54850,Mejlgade 53,11
54792,Mejlgade 19,11
75540,Skolegade 11,11
54783,Mejlgade 16,11
68829,Ryesgade 7,11
54833,Mejlgade 46,11
68832,Ryesgade 9,11
33692,Hjelmensgade 9,11
60846,Nørrebrogade 18,11
45880,Knudrisgade 30,11
97080,Volden 28,11
442,Dybkjær,11
23728,Fredensgade 36,11
84467,Studsgade 22,11
61360,Odensegade 5,11
84486,Studsgade 40,11
24011,Frederiksgade 40,11
83687,Store Torv 10,11
54899,Mejlgade 103,11
54888,Mejlgade 89,11
26847,Graven 19,11
85607,Sølystgade 12,11
54852,Mejlgade 55,11
84,Asylvej,11
23699,Fredensgade 16,11
63302,Paradisgade 7,11
73176,Sjællandsgade 119,11
54886,Mejlgade 87,11
54781,Mejlgade 14,11
73190,Sjællandsgade 130,11
93139,Valdemarsgade 3,10
59196,Norsgade 22,10
1877,Plantagen,10
75550,Skolegade 25,10
60896,Nørregade 47,10
1010,Holmevej,10
45877,Knudrisgade 27,10
51108,Lollandsgade 38,10
56410,Museumsgade 2,10
28556,Guldsmedgade 20,10
67514,Rosensgade 11,10
14630,Christiansgade 29,10
60856,Nørrebrogade 30,10
1398,Landlyst,10
2654,Vejlegade (1912-),10
109492,Frederiksport,10
245,Bredgade,10
60838,Nørrebrogade 8,10
28560,Guldsmedgade 21,10
22922,Fiskergade 100,10
1580,Marselisvej (1909-),10
61364,Odensegade 12,10
3152,Absalonsgade 21,10
60885,Nørregade 34,10
24062,Frederiksgade 82,10
1347,Krogen,10
67518,Rosensgade 16,10
73107,Sjællandsgade 65,10
23733,Fredensgade 41,10
24024,Frederiksgade 52,10
5202,Badstuegade 10,10
1807,Oldjorden,10
84468,Studsgade 24,10
28580,Guldsmedgade 34,10
84462,Studsgade 12,10
60845,Nørrebrogade 16,10
28313,Grønnegade 45,10
85775,Søndergade 43,10
24031,Frederiksgade 69,10
94599,Vestergade 69,10
85622,Sølystgade 23,10
26827,Graven 10,10
68840,Ryesgade 18,10
26805,Graven 2,10
84471,Studsgade 27,10
2004,Rungstedvej (1920-),10
73065,Sjællandsgade 31,9
54405,Marstrandsgade 19,9
51075,Lollandsgade 3,9
22915,Fiskergade 80,9
60876,Nørregade 18,9
1756,Nyborggade (1903-),9
23747,Fredensgade 54,9
94568,Vestergade 54,9
5208,Badstuegade 17,9
67490,Rosenkrantzgade 8,9
45624,Klostergade 32,9
2476,Tietgens Plads (1904-),9
45618,Klostergade 28,9
107918,Aarhus Teater,9
23712,Fredensgade 27,9
24040,Frederiksgade 73,9
54805,Mejlgade 31,9
1894,Posthussmøgen,9
5188,Badstuegade 1,9
77500,Skovvejen 117,9
374,Christiansminde,9
24019,Frederiksgade 46,9
85774,Søndergade 42,9
85601,Sølystgade 7,9
2173,Skrænten,9
108678,Aarhus Domkirke,9
22920,Fiskergade 88,9
61357,Odensegade 2,9
73136,Sjællandsgade 88,9
97063,Volden 11,9
45847,Knudrisgade 4,9
9330,Brammersgade 24,9
33725,Hjortensgade 11,9
54421,Marstrandsgade 34,9
5204,Badstuegade 12,9
792,Gyldenløvesgade (1902-),9
85772,Søndergade 40,9
26832,Graven 15,9
54806,Mejlgade 32,9
67532,Rosensgade 26,9
67529,Rosensgade 24,9
54859,Mejlgade 68,9
68838,Ryesgade 14,9
85763,Søndergade 26,9
28307,Grønnegade 25,9
83688,Store Torv 11,9
46971,Kriegersvej 7,9
108664,Brobjerg,9
68854,Ryesgade 31,9
54890,Mejlgade 91,9
81054,Spanien 1,9
5196,Badstuegade 7,9
5203,Badstuegade 11,9
61394,Odensegade 45,9
22369,Falstersgade 33,9
54896,Mejlgade 99,9
24028,Frederiksgade 58,9
84490,Studsgade 44,9
94541,Vestergade 45,9
73162,Sjællandsgade 106,9
85222,Søgade 14,9
60848,Nørrebrogade 20,9
24013,Frederiksgade 42,9
33693,Hjelmensgade 10,9
28305,Grønnegade 8,9
1608,Mindebrogade,9
54395,Marstrandsgade 8,9
68841,Ryesgade 20,9
77495,Skovvejen 107,9
97071,Volden 20,9
14629,Christiansgade 28,9
59370,Ny Munkegade 2,8
3961,Amaliegade 5,8
45884,Knudrisgade 33,8
28552,Guldsmedgade 10,8
61380,Odensegade 30,8
28352,Grønnegade 79,8
23984,Frederiksgade 7,8
22370,Falstersgade 34,8
54393,Marstrandsgade 6,8
32865,Helgolandsgade 27,8
60873,Nørregade 15,8
71396,Samsøgade 12,8
7781,Bissensgade 2,8
28576,Guldsmedgade 31,8
71412,Samsøgade 29,8
85761,Søndergade 22,8
45606,Klostergade 8,8
89118,Tordenskjoldsgade 18,8
26867,Graven 20,8
31861,Havnegade 18,8
85759,Søndergade 20,8
3156,Absalonsgade 25,8
67480,Rosenkrantzgade 1,8
77414,Skovvejen 20,8
28583,Guldsmedgade 38,8
23726,Fredensgade 34,8
54841,Mejlgade 49,8
1918,Randersvej,8
707,Gammel Munkegade,8
55476,Montanagade 55,8
98551,Østergade 48,8
1559,Maren Smeds Gyde,8
94522,Vestergade 28,8
22918,Fiskergade 84,8
85785,Søndergade 58,8
35924,Horsensgade 11,8
24022,Frederiksgade 50,8
1484,Lundbyesgade,8
68848,Ryesgade 27,8
63301,Paradisgade 6,8
1567,Marienlyst,8
107439,Skolegade 20,8
23744,Fredensgade 52,8
14625,Christiansgade 25,8
59406,Ny Munkegade 40,8
73135,Sjællandsgade 87,8
61376,Odensegade 26,8
73141,Sjællandsgade 92,8
23734,Fredensgade 42,8
128,Banegårdspladsen (1927-),8
81061,Spanien 19,8
61382,Odensegade 32,8
94534,Vestergade 37,8
54824,Mejlgade 42,8
98185,Østbanetorvet 9,8
71440,Samsøgade 77,8
22392,Falstersgade 57,8
54894,Mejlgade 97,8
9328,Brammersgade 22,8
45643,Klostergade 62,8
9348,Brammersgade 56,8
87838,Thunøgade 41,8
2475,Thyrasgade,8
54802,Mejlgade 28,8
85600,Sølystgade 6,8
84487,Studsgade 42,8
24051,Frederiksgade 76,8
54870,Mejlgade 74,8
59375,Ny Munkegade 5,8
55162,Mindegade 3,8
28555,Guldsmedgade 19,8
59373,Ny Munkegade 4,8
68828,Ryesgade 6,7
55430,Montanagade 15,7
54774,Mejlgade 8,7
22923,Fiskergade 104,7
94540,Vestergade 44,7
5195,Badstuegade 5,7
28543,Guldsmedgade 1,7
89112,Tordenskjoldsgade 7,7
94521,Vestergade 26,7
97074,Volden 23,7
28334,Grønnegade 64,7
950,Helgesvej,7
28791,Gyldenløvesgade 3,7
59203,Norsgade 26,7
26871,Graven 24,7
24053,Frederiksgade 77,7
24003,Frederiksgade 32,7
98533,Østergade 5,7
87792,Thunøgade 2,7
85217,Søgade 12,7
73161,Sjællandsgade 104,7
73086,Sjællandsgade 52,7
23698,Fredensgade 15,7
23720,Fredensgade 30,7
60881,Nørregade 26,7
71420,Samsøgade 36,7
108194,Aarhus Katedralskole,7
59381,Ny Munkegade 9,7
87843,Thunøgade 46,7
97470,Willemoesgade 4,7
75555,Skolegade 30,7
33690,Hjelmensgade 7,7
60880,Nørregade 24,7
23737,Fredensgade 44,7
2875,Sct. Lukas Kirke,7
91911,Trøjborgvej 34,7
51131,Lollandsgade 64,7
360,Charlottehøj,7
94604,Vestergade 75,7
54790,Mejlgade 18,7
89106,Tordenskjoldsgade 1,7
97084,Volden 32,7
24027,Frederiksgade 55,7
33684,Hjelmensgade 3,7
39077,Ingerslevs Plads 2,7
93176,Valdemarsgade 52,7
24049,Frederiksgade 75,7
73119,Sjællandsgade 77,7
5210,Badstuegade 19,7
42539,Kannikegade 3,7
85767,Søndergade 34,7
22362,Falstersgade 31,7
94536,Vestergade 41,7
55463,Montanagade 43,7
59187,Norsgade 15,7
28309,Grønnegade 39,7
54816,Mejlgade 38,7
85632,Sølystgade 34,7
23704,Fredensgade 20,7
92080,Tværgade 8,7
22255,Ewaldsgade 6,7
22364,Falstersgade 32,7
59190,Norsgade 17,7
28304,Grønnegade 6,7
3967,Amaliegade 11,7
93163,Valdemarsgade 41,7
85762,Søndergade 24,7
45604,Klostergade 6,7
94258,Vejlegade 7,7
73158,Sjællandsgade 102,7
108962,Aarhus Bispegård (-1882),7
95067,Vesterport 8,7
2100,Sibirien (1944-),7
38994,Immervad 2,7
94529,Vestergade 33,7
55316,Molsgade 3,7
26816,Graven 6,7
54838,Mejlgade 48,7
54858,Mejlgade 67,7
324,Bøgegade,7
32182,Heibergsgade 10,7
94523,Vestergade 29,7
24004,Frederiksgade 33,7
9340,Brammersgade 39,7
33729,Hjortensgade 14,7
55163,Mindegade 5,7
23696,Fredensgade 11,7
32188,Heibergsgade 16,7
85770,Søndergade 38,7
87824,Thunøgade 22,7
8791,Bogensegade 1,7
28554,Guldsmedgade 17,6
31857,Havnegade 6,6
87152,Tangen 6,6
107814,Tingskoven,6
54779,Mejlgade 11,6
34437,Holbergsgade 24,6
59433,Ny Munkegade 75,6
73091,Sjællandsgade 56,6
1946,Ringkøbingvej (1923-),6
32196,Heibergsgade 24,6
59172,Norsgade 5,6
60857,Nørrebrogade 34,6
54883,Mejlgade 84,6
60837,Nørrebrogade 6,6
33728,Hjortensgade 12,6
45872,Knudrisgade 23,6
14768,Dalgas Avenue 23,6
51124,Lollandsgade 57,6
33748,Hjortensgade 36,6
60869,Nørregade 11,6
2153,Skovfaldet (1922-),6
73134,Sjællandsgade 86,6
1415,Langvad,6
3157,Absalonsgade 26,6
85760,Søndergade 21,6
2842,Ålborggade (1928-),6
24420,Frue Kirkeplads 1,6
22349,Falstersgade 14,6
59182,Norsgade 11,6
68856,Ryesgade 32,6
90840,Trepkasgade 11,6
61387,Odensegade 37,6
5214,Badstuegade 21,6
94544,Vestergade 47,6
2228,Smøgen,6
77433,Skovvejen 37,6
59411,Ny Munkegade 48,6
12738,Bøgegade 12,6
22902,Fiskergade 1,6
1772,Nyvej,6
67496,Rosenkrantzgade 14,6
73169,Sjællandsgade 112,6
85660,Sølystgade 59,6
45878,Knudrisgade 28,6
77439,Skovvejen 43,6
59409,Ny Munkegade 44,6
23703,Fredensgade 19,6
93178,Valdemarsgade 54,6
51111,Lollandsgade 42,6
14628,Christiansgade 27,6
22904,Fiskergade 5,6
71643,Sandgravvej 8,6
59377,Ny Munkegade 7,6
57399,Møllestien 28,6
73193,Sjællandsgade 133,6
23660,Fredens Torv 6,6
1681,Møllegården,6
59413,Ny Munkegade 52,6
61366,Odensegade 15,6
73147,Sjællandsgade 94,6
24018,Frederiksgade 45,6
54897,Mejlgade 101,6
22916,Fiskergade 82,6
85778,Søndergade 45,6
47683,Kystvejen 7,6
94595,Vestergade 60,6
73131,Sjællandsgade 82,6
9311,Brammersgade 2,6
24026,Frederiksgade 54,6
834,Harald Jensens Plads (1929-),6
56412,Museumsgade 6,6
54770,Mejlgade 3,6
97548,Wilstersgade 37,6
59430,Ny Munkegade 73,6
97468,Willemoesgade 2,6
47705,Kystvejen 59,6
33735,Hjortensgade 17,6
14765,Dalgas Avenue 17,6
59391,Ny Munkegade 14,6
55458,Montanagade 40,6
97078,Volden 26,6
2240,Solbakken,6
42333,Kaløgade 4,6
22371,Falstersgade 35,6
85210,Søgade 7,6
51116,Lollandsgade 49,6
54780,Mejlgade 12,6
45873,Knudrisgade 24,6
63306,Paradisgade 10,6
42540,Kannikegade 4,6
28308,Grønnegade 37,6
87850,Thunøgade 54,6
2830,Åbyvej,6
73081,Sjællandsgade 49,6
73153,Sjællandsgade 98,6
97070,Volden 19,6
24001,Frederiksgade 29,6
45890,Knudrisgade 39,6
59207,Norsgade 29,6
45648,Klostergade 74,6
55319,Molsgade 6,6
87841,Thunøgade 44,6
67547,Rosensgade 38,6
23721,Fredensgade 31,6
71995,Schleppegrellsgade 16,6
60913,Nørreport 20,6
51383,Lundingsgade 7,6
22919,Fiskergade 86,6
60863,Nørregade 6,6
67520,Rosensgade 18,6
28303,Grønnegade 5,6
97075,Volden 24,6
89035,Toldbodgade 6,6
73189,Sjællandsgade 129,6
98540,Østergade 25,6
59519,Nygade 4,6
45881,Knudrisgade 31,6
85779,Søndergade 47,6
60709,Nørre Alle 23,6
23713,Fredensgade 28,6
94537,Vestergade 42,6
85750,Søndergade 10,6
47697,Kystvejen 43,6
54390,Marstrandsgade 3,6
73105,Sjællandsgade 63,6
51384,Lundingsgade 8,6
60862,Nørregade 5,6
84460,Studsgade 10,6
55423,Montanagade 8,6
55322,Molsgade 10,6
22380,Falstersgade 43,5
28335,Grønnegade 65,5
73187,Sjællandsgade 127,5
51110,Lollandsgade 41,5
24061,Frederiksgade 81,5
71447,Samsøgade 82,5
85758,Søndergade 19,5
51078,Lollandsgade 6,5
73111,Sjællandsgade 68,5
28360,Grønnegade 87,5
73124,Sjællandsgade 80,5
14623,Christiansgade 24,5
31862,Havnegade 20,5
55178,Mindegade 18,5
24032,Frederiksgade 70,5
54884,Mejlgade 85,5
51121,Lollandsgade 54,5
242,Bragesvej,5
45632,Klostergade 43,5
2090,Sct. Clemens Bro,5
26876,Graven 26,5
63300,Paradisgade 5,5
84466,Studsgade 20,5
8793,Bogensegade 4,5
34420,Holbergsgade 5,5
85640,Sølystgade 40,5
33691,Hjelmensgade 8,5
55317,Molsgade 4,5
45875,Knudrisgade 26,5
55446,Montanagade 29,5
98535,Østergade 10,5
1611,Mindet,5
45867,Knudrisgade 19,5
3136,Absalonsgade 5,5
73171,Sjællandsgade 114,5
73196,Sjællandsgade 137,5
109343,Mindeport,5
91892,Trøjborgvej 6,5
332,Bøgevej,5
77488,Skovvejen 95,5
22263,Ewaldsgade 15,5
98550,Østergade 46,5
22917,Fiskergade 83,5
109707,Pavillonen i Riis Skov (1869-1938),5
87849,Thunøgade 53,5
71405,Samsøgade 22,5
61358,Odensegade 3,5
83692,Store Torv 16,5
56414,Museumsgade 10,5
91918,Trøjborgvej 46,5
33752,Hjortensgade 44,5
45630,Klostergade 35,5
23978,Frederiksbjerg Torv 7,5
67505,Rosenkrantzgade 20,5
94598,Vestergade 64,5
98543,Østergade 30,5
63291,Paradisgade 2,5
109469,Mejlgadesport - Middelgadesport,5
4115,Anholtsgade 7,5
32796,Helgenæsgade 5,5
60839,Nørrebrogade 10,5
195,Bjørnholt,5
83689,Store Torv 12,5
24030,Frederiksgade 67,5
51102,Lollandsgade 31,5
93173,Valdemarsgade 48,5
54880,Mejlgade 80,5
32198,Heibergsgade 26,5
2222,Smedegade,5
85789,Søndergade 66,5
67485,Rosenkrantzgade 4,5
60860,Nørregade 1,5
51091,Lollandsgade 20,5
59523,Nygade 8,5
59195,Norsgade 21,5
26813,Graven 4,5
54900,Mejlgade 105,5
45891,Knudrisgade 40,5
59503,Nyborggade 3,5
73123,Sjællandsgade 79,5
108209,Volden 890,5
63307,Paradisgade 11,5
87842,Thunøgade 45,5
85598,Sølystgade 4,5
32064,Hedemannsgade 16,5
85621,Sølystgade 22,5
85657,Sølystgade 56,5
73183,Sjællandsgade 123,5
54808,Mejlgade 34,5
92078,Tværgade 3,5
1114,Indelukket,5
71388,Samsøgade 3,5
411,De Mezas Vej,5
16167,Dybbølgade 18,5
5206,Badstuegade 15,5
60865,Nørregade 7,5
51100,Lollandsgade 29,5
2176,Skt. Clemens Torv,5
73110,Sjællandsgade 67,5
84448,Studsgade 2,5
22907,Fiskergade 38,5
87153,Tangen 8,5
15498,Dannebrogsgade 8,5
87844,Thunøgade 47,5
55483,Montanagade 66,5
33749,Hjortensgade 38,5
51095,Lollandsgade 24,5
8792,Bogensegade 3,5
39179,Istedgade 12,5
73115,Sjællandsgade 73,5
93168,Valdemarsgade 44,5
108255,Mejlgade 64,5
94569,Vestergade 55,5
71390,Samsøgade 6,5
77459,Skovvejen 53,5
59435,Ny Munkegade 77,5
93185,Valdemarsgade 59,5
84475,Studsgade 30,5
68827,Ryesgade 5,5
23697,Fredensgade 14,5
85781,Søndergade 51,5
73096,Sjællandsgade 61,5
87837,Thunøgade 40,5
33685,Hjelmensgade 4,5
284,Bulowsgade,5
71442,Samsøgade 79,5
23707,Fredensgade 23,5
87853,Thunøgade 57,5
59376,Ny Munkegade 6,5
92084,Tværgade 16,5
73173,Sjællandsgade 116,5
108139,Jægergården,5
77492,Skovvejen 103,5
61381,Odensegade 31,5
22921,Fiskergade 90,5
205,Blomsterhaven,5
59399,Ny Munkegade 24,5
51081,Lollandsgade 9,5
2471,Thorvaldsensgade,5
57420,Møllestien 53,5
24063,Frederiksgade 84,5
71366,Saltholmsgade 33,5
28306,Grønnegade 10,5
71402,Samsøgade 19,5
108597,Nordre Kirkegård,5
24012,Frederiksgade 41,4
85195,Søgade 3,4
2398,Søholm,4
55439,Montanagade 25,4
22352,Falstersgade 16,4
77395,Skovvejen 6,4
2290,Stadion Alle (1920-),4
32065,Hedemannsgade 17,4
8800,Bogensegade 15,4
77435,Skovvejen 39,4
77243,Skovvangsvej 1,4
54402,Marstrandsgade 17,4
57412,Møllestien 47,4
32178,Heibergsgade 6,4
47701,Kystvejen 49,4
73083,Sjællandsgade 50,4
47690,Kystvejen 25,4
23708,Fredensgade 24,4
77477,Skovvejen 77,4
73042,Sjællandsgade 11,4
9341,Brammersgade 40,4
57413,Møllestien 48,4
33694,Hjelmensgade 11,4
45896,Knudrisgade 45,4
85787,Søndergade 62,4
55416,Montanagade 3,4
28579,Guldsmedgade 33,4
54400,Marstrandsgade 15,4
73195,Sjællandsgade 135,4
54861,Mejlgade 69,4
32185,Heibergsgade 12,4
77456,Skovvejen 49,4
59393,Ny Munkegade 16,4
5205,Badstuegade 14,4
85786,Søndergade 60,4
45608,Klostergade 14,4
259,Brinken,4
3145,Absalonsgade 16,4
25126,Fynsgade 9,4
108133,Trøjborg,4
22258,Ewaldsgade 8,4
1734,Nordre Ringgade (1931-),4
32792,Helgenæsgade 1,4
85615,Sølystgade 18,4
59428,Ny Munkegade 71,4
28571,Guldsmedgade 27,4
57232,Møllegade 9,4
98547,Østergade 40,4
32195,Heibergsgade 23,4
98545,Østergade 33,4
54869,Mejlgade 73,4
61373,Odensegade 23,4
94596,Vestergade 62,4
9336,Brammersgade 32,4
91906,Trøjborgvej 22,4
73106,Sjællandsgade 64,4
45883,Knudrisgade 32,4
51099,Lollandsgade 28,4
34427,Holbergsgade 14,4
773,Grønningen (1917-),4
2419,Søndre Ringgade (1931-),4
54364,Marselisvej 9,4
45609,Klostergade 15,4
51407,Lundingsgade 28,4
59173,Norsgade 6,4
24008,Frederiksgade 37,4
23813,Fredericiagade 25,4
59420,Ny Munkegade 66,4
5215,Badstuegade 22,4
59518,Nygade 3,4
1965,Rolighedsvej,4
45894,Knudrisgade 43,4
22372,Falstersgade 36,4
85201,Søgade 4,4
60894,Nørregade 45,4
59386,Ny Munkegade 12,4
61374,Odensegade 24,4
14766,Dalgas Avenue 19,4
71353,Saltholmsgade 19,4
82444,Steinmannsgade 5,4
55471,Montanagade 48,4
23973,Frederiksbjerg Torv 2,4
1070,Højager,4
51137,Lollandsgade 70,4
87801,Thunøgade 8,4
71409,Samsøgade 26,4
59423,Ny Munkegade 68,4
45626,Klostergade 33,4
89107,Tordenskjoldsgade 2,4
45861,Knudrisgade 14,4
87836,Thunøgade 39,4
28312,Grønnegade 43,4
48936,Langelandsgade 8,4
87856,Thunøgade 62,4
71414,Samsøgade 31,4
5212,Badstuegade 20,4
54407,Marstrandsgade 20,4
87820,Thunøgade 19,4
9346,Brammersgade 52,4
77425,Skovvejen 30,4
77390,Skovvejen 2,4
71981,Schleppegrellsgade 2,4
98549,Østergade 44,4
92082,Tværgade 12,4
32866,Helgolandsgade 29,4
15496,Dannebrogsgade 6,4
45645,Klostergade 70,4
281,Buen,4
97547,Wilstersgade 36,4
28344,Grønnegade 71,4
5218,Badstuegade 26,4
55455,Montanagade 37,4
63312,Paradisgade 17,4
54397,Marstrandsgade 10,4
85225,Søgade 17,4
1406,Langelinie,4
51085,Lollandsgade 14,4
84470,Studsgade 26,4
107527,Brabrand,4
75526,Skolebakken 11,4
51096,Lollandsgade 25,4
97554,Wilstersgade 49,4
1735,Nordre Strandvej,4
55470,Montanagade 47,4
33737,Hjortensgade 19,4
45899,Knudrisgade 47,4
46977,Kriegersvej 21,4
14621,Christiansgade 18,4
59380,Ny Munkegade 8,4
22914,Fiskergade 66,4
54832,Mejlgade 45,4
60868,Nørregade 10,4
9351,Brammersgade 62,4
54842,Mejlgade 50,4
61362,Odensegade 7,4
87787,Thunøgade 1A,4
732,Gerlachsgade (1918-),4
28310,Grønnegade 41,4
2001,Runestenen,4
2563,Tretommervej,4
45887,Knudrisgade 36,4
97066,Volden 15,4
45870,Knudrisgade 21,4
39187,Istedgade 29,4
60888,Nørregade 38,4
85656,Sølystgade 55,4
16163,Dybbølgade 14,4
85642,Sølystgade 42,4
23924,Frederiks Alle 112,4
3962,Amaliegade 6,4
23972,Frederiksbjerg Torv 1,4
8796,Bogensegade 7,4
55479,Montanagade 58,4
59400,Ny Munkegade 26,4
97478,Willemoesgade 11,4
962,Herningvej (1923-),4
71406,Samsøgade 23,4
22265,Ewaldsgade 19,4
67497,Rosenkrantzgade 15,4
61365,Odensegade 14,4
32800,Helgenæsgade 8,4
47695,Kystvejen 39,4
45652,Klostergade 82,4
67495,Rosenkrantzgade 12,4
22340,Falstersgade 6,4
73058,Sjællandsgade 25,4
75536,Skolegade 5,4
42330,Kaløgade 1,4
45874,Knudrisgade 25,4
73163,Sjællandsgade 107,4
28300,Grønnegade 2,4
4897,Assensgade 32,4
45612,Klostergade 18,4
14750,Dalgas Avenue 1,4
3154,Absalonsgade 23,4
59416,Ny Munkegade 62,4
108896,Skejby Mark,4
8254,Blegdammen 7,4
109708,Vennelyst Pavillonen (1850-1945),4
22390,Falstersgade 53,4
54302,Marselisborg Alle 20,4
33687,Hjelmensgade 5,4
91897,Trøjborgvej 8,4
42335,Kaløgade 6,4
9337,Brammersgade 34,4
73133,Sjællandsgade 84,4
34436,Holbergsgade 23,4
71397,Samsøgade 13,4
39057,Ingerslevs Boulevard 10,4
77499,Skovvejen 115,4
33739,Hjortensgade 21,4
84314,Strandvejen 8,4
54856,Mejlgade 63,4
77489,Skovvejen 97,4
24025,Frederiksgade 53,4
32794,Helgenæsgade 3,4
93144,Valdemarsgade 20,4
87808,Thunøgade 12,4
4895,Assensgade 28,4
57228,Møllegade 6,4
87845,Thunøgade 48,4
28575,Guldsmedgade 30,4
66447,Ridderstræde 6,4
61390,Odensegade 40,4
55318,Molsgade 5,4
2759,Yrsavej,4
28355,Grønnegade 81,4
57415,Møllestien 50,4
68849,Ryesgade 28,4
45642,Klostergade 60,4
55422,Montanagade 7,4
71418,Samsøgade 34,4
48942,Langelandsgade 15,4
22903,Fiskergade 2,4
97476,Willemoesgade 10,4
67489,Rosenkrantzgade 7,4
32855,Helgolandsgade 15,4
73160,Sjællandsgade 103,4
14760,Dalgas Avenue 9,4
45904,Knudrisgade 52,4
73085,Sjællandsgade 51,4
54785,Mejlgade 17,4
54399,Marstrandsgade 12,4
22337,Falstersgade 3,4
838,Haraldsgade,4
8795,Bogensegade 6,4
32807,Helgenæsgade 17,4
28544,Guldsmedgade 2,4
459,Egegade,4
61370,Odensegade 19,3
63286,Paradisgade 1,3
35927,Horsensgade 19,3
3137,Absalonsgade 6,3
54414,Marstrandsgade 24,3
55438,Montanagade 21,3
73043,Sjællandsgade 12,3
3140,Absalonsgade 9,3
71429,Samsøgade 50,3
22383,Falstersgade 45,3
60854,Nørrebrogade 24,3
73067,Sjællandsgade 33,3
54885,Mejlgade 86,3
91914,Trøjborgvej 40,3
73056,Sjællandsgade 23,3
93165,Valdemarsgade 43,3
61393,Odensegade 43,3
45603,Klostergade 5,3
2114,Skanderborgvej,3
48956,Langelandsgade 31,3
59368,Ny Munkegade 1,3
57421,Møllestien 55,3
32200,Heibergsgade 27,3
45901,Knudrisgade 48,3
71451,Samsøgade 87,3
73191,Sjællandsgade 131,3
22342,Falstersgade 8,3
55173,Mindegade 10,3
23662,Fredens Torv 8,3
9320,Brammersgade 11,3
71416,Samsøgade 32,3
55460,Montanagade 41,3
51133,Lollandsgade 66,3
16164,Dybbølgade 15,3
1684,Mølleparken,3
28342,Grønnegade 69,3
73151,Sjællandsgade 96,3
34418,Holbergsgade 3,3
2155,Skovgaardsgade,3
94542,Vestergade 46,3
87846,Thunøgade 49,3
55170,Mindegade 7,3
63311,Paradisgade 15,3
22347,Falstersgade 12,3
32858,Helgolandsgade 18,3
59450,Ny Munkegade 95,3
73090,Sjællandsgade 55,3
32805,Helgenæsgade 14,3
42337,Kaløgade 8,3
73069,Sjællandsgade 35,3
60714,Nørre Alle 24,3
14764,Dalgas Avenue 15,3
45611,Klostergade 17,3
107806,Sønderbro,3
94600,Vestergade 71,3
54803,Mejlgade 30,3
1821,Ordrupvej (1932-),3
57422,Møllestien 57,3
2184,Skt. Pauls Gade,3
263,Brogade,3
3973,Amaliegade 19,3
46972,Kriegersvej 9,3
89108,Tordenskjoldsgade 3,3
87310,Teglværksgade 7,3
85610,Sølystgade 14,3
54902,Mejlgade 109,3
93148,Valdemarsgade 28,3
97472,Willemoesgade 6,3
24010,Frederiksgade 39,3
54871,Mejlgade 75,3
2597,Tværvej,3
68845,Ryesgade 24,3
71360,Saltholmsgade 27,3
77359,Skovvangsvej 216,3
3965,Amaliegade 9,3
60843,Nørrebrogade 14,3
93155,Valdemarsgade 35,3
85203,Søgade 5,3
22394,Falstersgade 61,3
33699,Hjelmensgade 16,3
28581,Guldsmedgade 36,3
73116,Sjællandsgade 74,3
47696,Kystvejen 41,3
55424,Montanagade 9,3
851,Haslevej,3
39185,Istedgade 25,3
51120,Lollandsgade 53,3
73108,Sjællandsgade 66,3
94501,Vestergade 4,3
71990,Schleppegrellsgade 10,3
1064,Høegh-Guldbergs Gade (1902-),3
77498,Skovvejen 113,3
34438,Holbergsgade 25,3
22264,Ewaldsgade 17,3
28553,Guldsmedgade 15,3
407,Dannevang,3
33724,Hjortensgade 9,3
1196,Kalstrup,3
45659,Klosterport 7,3
14752,Dalgas Avenue 3,3
87826,Thunøgade 26,3
51404,Lundingsgade 22,3
730,Gentoftevej (1920-),3
2758,Ydunsvej,3
85614,Sølystgade 17,3
51138,Lollandsgade 71,3
73044,Sjællandsgade 14,3
73182,Sjællandsgade 122,3
85638,Sølystgade 38,3
87814,Thunøgade 17,3
51403,Lundingsgade 20,3
61375,Odensegade 25,3
77506,Skovvejen 125,3
54851,Mejlgade 54,3
109477,Fiskergade 22,3
98536,Østergade 12,3
87813,Thunøgade 16,3
90838,Trepkasgade 9,3
71453,Samsøgade 92,3
61363,Odensegade 9,3
47685,Kystvejen 17,3
67507,Rosenkrantzgade 21,3
73137,Sjællandsgade 89,3
46974,Kriegersvej 15,3
59371,Ny Munkegade 3,3
98190,Østboulevarden 7,3
45858,Knudrisgade 10,3
75560,Skolegyde 4,3
640,Fortevej,3
92079,Tværgade 5,3
2687,Vestre Skovvej,3
23939,Frederiks Alle 127,3
45886,Knudrisgade 35,3
71354,Saltholmsgade 21,3
87795,Thunøgade 4,3
51079,Lollandsgade 7,3
2452,Telefonsmøgen,3
22336,Falstersgade 2,3
71444,Samsøgade 80,3
51077,Lollandsgade 5,3
109699,Dynkarken 39,3
59208,Norsgade 30,3
22379,Falstersgade 42,3
75561,Skolegyde 8,3
73061,Sjællandsgade 28,3
3144,Absalonsgade 15,3
109544,Mindegade 4,3
45863,Knudrisgade 15,3
45634,Klostergade 54,3
32063,Hedemannsgade 15,3
87822,Thunøgade 20,3
3150,Absalonsgade 19,3
97059,Volden 4,3
97536,Wilstersgade 25,3
47699,Kystvejen 45,3
83691,Store Torv 15,3
91902,Trøjborgvej 10,3
73165,Sjællandsgade 109,3
85625,Sølystgade 27,3
71401,Samsøgade 18,3
71359,Saltholmsgade 26,3
2543,Tousvej,3
16790,Egegade 16,3
97538,Wilstersgade 27,3
7787,Bissensgade 6,3
45892,Knudrisgade 41,3
33723,Hjortensgade 7,3
77408,Skovvejen 18,3
14756,Dalgas Avenue 7,3
59525,Nygade 10,3
42331,Kaløgade 2,3
363,Chr. Kiers Plads (1918-),3
54408,Marstrandsgade 21,3
77404,Skovvejen 14,3
84334,Strandvejen 34,3
51119,Lollandsgade 52,3
77437,Skovvejen 41,3
85655,Sølystgade 54,3
160,Bethesdavej,3
45864,Knudrisgade 16,3
57226,Møllegade 4,3
108166,Aarhus Bugt,3
3172,Absalonsgade 39,3
59181,Norsgade 10,3
504,Elmegade,3
67527,Rosensgade 22,3
67511,Rosenkrantzgade 31,3
77502,Skovvejen 121,3
22358,Falstersgade 25,3
55320,Molsgade 8,3
22913,Fiskergade 60,3
662,Fritiden,3
22924,Fiskergyde 11,3
57409,Møllestien 44,3
77507,Skovvejen 127,3
14770,Dalgas Avenue 27,3
71419,Samsøgade 35,3
85643,Sølystgade 43,3
28584,Guldsmedgade 40,3
32801,Helgenæsgade 9,3
71459,Samsøgade 100,3
71441,Samsøgade 78,3
71458,Samsøgade 99,3
60212,Nyvej 5,3
35915,Horsensgade 2,3
73079,Sjællandsgade 45,3
87151,Tangen 4,3
48946,Langelandsgade 19,3
55468,Montanagade 46,3
1849,Park Alle (1925-),3
51107,Lollandsgade 37,3
61389,Odensegade 39,3
85617,Sølystgade 19,3
59170,Norsgade 2,3
26829,Graven 12,3
54411,Marstrandsgade 22,3
91907,Trøjborgvej 24,3
8794,Bogensegade 5,3
9342,Brammersgade 41,3
85637,Sølystgade 37,3
39181,Istedgade 19,3
57236,Møllegade 15,3
45647,Klostergade 72,3
1348,Kroghsgade (1906-),3
77471,Skovvejen 69,3
61368,Odensegade 17,3
54854,Mejlgade 56,3
60210,Nyvej 3,3
45860,Knudrisgade 12,3
97064,Volden 12,3
9329,Brammersgade 23,3
35920,Horsensgade 7,3
28299,Grønnegade 1,3
3966,Amaliegade 10,3
71985,Schleppegrellsgade 6,3
22341,Falstersgade 7,3
60719,Nørre Alle 28,3
1459,Lindevej,3
60849,Nørrebrogade 22,3
32186,Heibergsgade 14,3
54776,Mejlgade 9,3
33740,Hjortensgade 22,3
23732,Fredensgade 40,3
108357,Harlev Mølle,3
23977,Frederiksbjerg Torv 6,3
89122,Tordenskjoldsgade 22,3
2674,Vesterled,3
108368,Kødtorvet,3
91910,Trøjborgvej 32,3
99472,Åboulevarden 25,3
97539,Wilstersgade 28,3
47700,Kystvejen 47,3
54422,Marstrandsgade 36,3
28573,Guldsmedgade 28,3
60861,Nørregade 3,3
85602,Sølystgade 8,3
59178,Norsgade 7,3
57410,Møllestien 45,3
34424,Holbergsgade 10,3
93145,Valdemarsgade 23,3
71422,Samsøgade 37,3
87765,Thorvaldsensgade 23,2
45865,Knudrisgade 17,2
85220,Søgade 13,2
429,Dronning Margrethes Vej,2
34439,Holbergsgade 26,2
77278,Skovvangsvej 40,2
2617,Universitetsparken,2
34429,Holbergsgade 16,2
85208,Søgade 6,2
9347,Brammersgade 54,2
45888,Knudrisgade 37,2
76256,Skovgaardsgade 2,2
54313,Marselisborg Alle 31,2
9332,Brammersgade 26,2
28358,Grønnegade 84,2
87884,Tietgens Plads 9,2
93138,Valdemarsgade 1,2
84324,Strandvejen 16,2
32806,Helgenæsgade 15,2
87839,Thunøgade 42,2
1024,Hovedvejen,2
3153,Absalonsgade 22,2
77368,Skovvangsvej 225,2
84313,Strandvejen 6,2
2695,Viborgvej,2
97481,Willemoesgade 16,2
51128,Lollandsgade 61,2
59180,Norsgade 9,2
25640,Gammel Munkegade 4,2
59414,Ny Munkegade 58,2
67508,Rosenkrantzgade 22,2
77501,Skovvejen 119,2
2781,Ørnevej,2
3138,Absalonsgade 7,2
85645,Sølystgade 45,2
61379,Odensegade 29,2
55324,Molsgade 12,2
2144,Skolevej,2
59206,Norsgade 28,2
108559,Mejlgade 129,2
75524,Skolebakken 5,2
60702,Nørre Alle 17,2
71362,Saltholmsgade 28,2
25132,Fynsgade 21,2
8942,Borggade 9,2
91919,Trøjborgvej 50,2
85599,Sølystgade 5,2
2269,Sonnesgade,2
40736,Jerichausgade 12,2
28564,Guldsmedgade 23,2
176,Birkevej,2
89114,Tordenskjoldsgade 9,2
94602,Vestergade 73,2
94601,Vestergade 72,2
73138,Sjællandsgade 90,2
61371,Odensegade 21,2
77377,Skovvangsvej 234,2
59520,Nygade 5,2
98531,Østergade 2,2
59446,Ny Munkegade 91,2
71410,Samsøgade 27,2
87840,Thunøgade 43,2
59502,Nyborggade 2,2
65667,Randersvej 110,2
86309,Søndre Ringgade 61,2
22359,Falstersgade 27,2
73164,Sjællandsgade 108,2
77419,Skovvejen 25,2
85605,Sølystgade 11,2
22381,Falstersgade 44,2
28357,Grønnegade 83,2
4121,Anholtsgade 13,2
60819,Nørre Alle 85,2
9746,Brendstrupvej 20,2
116,Balagervej,2
14622,Christiansgade 20,2
59437,Ny Munkegade 79,2
33695,Hjelmensgade 12,2
54307,Marselisborg Alle 25,2
93147,Valdemarsgade 27,2
87851,Thunøgade 55,2
28321,Grønnegade 52,2
35916,Horsensgade 3,2
72004,Schleppegrellsgade 22,2
60803,Nørre Alle 75,2
32174,Heibergsgade 2,2
59439,Ny Munkegade 81,2
77490,Skovvejen 99,2
22343,Falstersgade 9,2
82451,Steinmannsgade 12,2
262,Brobjergvej,2
87815,Thunøgade 18,2
91908,Trøjborgvej 26,2
71450,Samsøgade 85,2
33746,Hjortensgade 32,2
4119,Anholtsgade 11,2
9334,Brammersgade 28,2
2812,Østre Skovvej,2
60752,Nørre Alle 45,2
2133,Skjoldsgade,2
9343,Brammersgade 42,2
77401,Skovvejen 10,2
40734,Jerichausgade 10,2
2151,Skovbrynet (1918-),2
73055,Sjællandsgade 22,2
62381,Orla Lehmanns Alle 7,2
73140,Sjællandsgade 91,2
45639,Klostergade 58,2
65669,Randersvej 112,2
45859,Knudrisgade 11,2
60790,Nørre Alle 66,2
23884,Frederiks Alle 64,2
604,Fasanvej (1927-),2
71446,Samsøgade 81,2
72543,Silkeborgvej 207,2
54873,Mejlgade 77,2
60878,Nørregade 20,2
97480,Willemoesgade 15,2
22393,Falstersgade 59,2
39178,Istedgade 10,2
56411,Museumsgade 4,2
40741,Jerichausgade 18,2
84463,Studsgade 16,2
39078,Ingerslevs Plads 3,2
55181,Mindet 4,2
73095,Sjællandsgade 60,2
51105,Lollandsgade 35,2
1773,Næringen,2
73071,Sjællandsgade 36,2
2721,Vinkelvej,2
85641,Sølystgade 41,2
2767,Ærøgade (1915-),2
15529,Dannebrogsgade 29,2
22911,Fiskergade 43,2
28577,Guldsmedgade 32,2
4888,Assensgade 18,2
108573,Nørregade 25,2
51142,Lollandsgade 77,2
9327,Brammersgade 21,2
42332,Kaløgade 3,2
87797,Thunøgade 6,2
59444,Ny Munkegade 89,2
3159,Absalonsgade 28,2
61391,Odensegade 41,2
89113,Tordenskjoldsgade 8,2
93161,Valdemarsgade 40,2
1259,Kirkestien,2
85628,Sølystgade 29,2
3768,Aldersrovej 4,2
76267,Skovgaardsgade 12,2
71986,Schleppegrellsgade 7,2
73142,Sjællandsgade 92A,2
60898,Nørregade 53,2
34446,Holbergsgade 32,2
60882,Nørregade 28,2
98178,Østbanetorvet 3,2
2330,Stockholmsgade,2
73057,Sjællandsgade 24,2
552,Enghavevej,2
108217,Søndergade 1002,2
59517,Nygade 2,2
71413,Samsøgade 30,2
90074,Tousvej 53,2
955,Hendrik Pontoppidans Gade (1903-),2
82445,Steinmannsgade 6,2
22395,Falstersgade 63,2
51090,Lollandsgade 19,2
450,Eckersbergsgade,2
33750,Hjortensgade 40,2
51136,Lollandsgade 69,2
9313,Brammersgade 3,2
32799,Helgenæsgade 7,2
59526,Nygade 12,2
33753,Hjortensgade 48,2
5217,Badstuegade 24,2
82447,Steinmannsgade 8,2
73198,Sjællandsgade 141,2
28320,Grønnegade 51,2
23913,Frederiks Alle 104,2
59521,Nygade 6,2
15495,Dannebrogsgade 5,2
15531,Dannebrogsgade 33,2
60899,Nørregade 55,2
93158,Valdemarsgade 38,2
73077,Sjællandsgade 43,2
22254,Ewaldsgade 5,2
94538,Vestergade 43,2
8253,Blegdammen 6,2
60748,Nørre Alle 43,2
55474,Montanagade 53,2
2632,Vangen,2
39180,Istedgade 14,2
91909,Trøjborgvej 28,2
51391,Lundingsgade 15,2
54418,Marstrandsgade 29,2
46975,Kriegersvej 17,2
83680,Store Torv 4,2
25638,Gammel Munkegade 2,2
89117,Tordenskjoldsgade 14,2
93140,Valdemarsgade 7,2
55451,Montanagade 33,2
1168,Joh. Baunes Plads (1929-),2
9315,Brammersgade 5,2
98541,Østergade 26,2
28322,Grønnegade 53,2
85651,Sølystgade 50,2
60791,Nørre Alle 68,2
33698,Hjelmensgade 15,2
2833,Ågade,2
4118,Anholtsgade 10,2
87309,Teglværksgade 6,2
33682,Hjelmensgade 1,2
71989,Schleppegrellsgade 9,2
77486,Skovvejen 91,2
71424,Samsøgade 40,2
61377,Odensegade 27,2
87305,Teglværksgade 1,2
85792,Søndergade 72,2
77465,Skovvejen 61,2
1917,Rampen,2
89140,Tordenskjoldsgade 32,2
54306,Marselisborg Alle 24,2
23705,Fredensgade 21,2
87825,Thunøgade 24,2
22355,Falstersgade 19,2
71448,Samsøgade 83,2
97531,Wilstersgade 16,2
55472,Montanagade 49,2
54889,Mejlgade 90,2
51113,Lollandsgade 46,2
93157,Valdemarsgade 37,2
32840,Helgesvej 18,2
45889,Knudrisgade 38,2
32062,Hedemannsgade 14,2
54388,Marstrandsgade 2,2
9324,Brammersgade 18,2
26432,Gerlachsgade 11,2
73037,Sjællandsgade 5,2
32201,Heibergsgade 28,2
59441,Ny Munkegade 83,2
72009,Schleppegrellsgade 27,2
54304,Marselisborg Alle 22,2
753,Graven,2
51129,Lollandsgade 62,2
48949,Langelandsgade 23,2
3173,Absalonsgade 41,2
97475,Willemoesgade 9,2
54195,Marselis Boulevard 55,2
93177,Valdemarsgade 53,2
73048,Sjællandsgade 16,2
109562,Marselisborg Gods,2
22339,Falstersgade 5,2
55179,Mindet 1,2
109058,Grønland,2
97479,Willemoesgade 14,2
107815,Tingvad,2
51127,Lollandsgade 60,2
40729,Jerichausgade 2,2
59405,Ny Munkegade 38,2
89187,Tordenskjoldsgade 104,2
73112,Sjællandsgade 70,2
58506,Nordre Ringgade 110,2
77491,Skovvejen 101,2
55323,Molsgade 11,2
80572,Solsortevej 21,2
34431,Holbergsgade 18,2
73040,Sjællandsgade 8,2
48997,Langelandsgade 132,2
59412,Ny Munkegade 50,2
3141,Absalonsgade 10,2
958,Herluf Trolles Gade (1901-),2
71638,Sandgravvej 5,2
25140,Fynsgade 30,2
54887,Mejlgade 88,2
54864,Mejlgade 71,2
51140,Lollandsgade 73,2
91903,Trøjborgvej 12,2
75454,Skjoldsgade 18,2
107696,Marselisborg,2
73168,Sjællandsgade 111,2
73185,Sjællandsgade 125,2
2656,Vennelyst Boulevard,2
97354,Vølundsvej 15,2
35926,Horsensgade 17,2
5723,Balagervej 27,2
1874,Pilevej,2
87307,Teglværksgade 4,2
61386,Odensegade 36,2
9318,Brammersgade 9,2
77398,Skovvejen 8,2
55475,Montanagade 54,2
33743,Hjortensgade 26,2
22385,Falstersgade 47,2
45644,Klostergade 68,2
2300,Stationsvej,2
15516,Dannebrogsgade 22,2
51386,Lundingsgade 10,2
40743,Jerichausgade 22,2
93152,Valdemarsgade 32,2
97540,Wilstersgade 29,2
67502,Rosenkrantzgade 18,2
87810,Thunøgade 14,2
28349,Grønnegade 77,2
59194,Norsgade 20,2
51098,Lollandsgade 27,2
73157,Sjællandsgade 101,2
25243,Fåborggade 6,2
2749,Vølundsvej,2
57404,Møllestien 38,2
2502,Tjørnegade,2
55453,Montanagade 35,2
41070,Joh. Baunes Plads 18,2
92083,Tværgade 14,2
14330,Chr. Kiers Plads 6,2
59398,Ny Munkegade 22,2
77361,Skovvangsvej 218,2
97487,Willemoesgade 24,2
45633,Klostergade 52,2
120,Ballevej,2
73155,Sjællandsgade 100,2
59530,Nygade 20,2
51335,Lundbyesgade 24,2
32058,Hedemannsgade 9,2
46970,Kriegersvej 5,2
51388,Lundingsgade 12,2
68731,Rungstedvej 14,2
54782,Mejlgade 15,2
87806,Thunøgade 10,2
10943,Bulowsgade 36,2
51104,Lollandsgade 33,2
45610,Klostergade 16,2
7785,Bissensgade 4,2
89186,Tordenskjoldsgade 102,2
32189,Heibergsgade 17,2
72423,Silkeborgvej 2,2
94608,Vestergade 79,2
77347,Skovvangsvej 202,2
85691,Sønder Alle 15,2
94452,Vesterbrogade 20,2
93154,Valdemarsgade 34,2
93141,Valdemarsgade 9,2
67491,Rosenkrantzgade 9,2
68730,Rungstedvej 13,2
9349,Brammersgade 58,2
57400,Møllestien 30,2
71983,Schleppegrellsgade 4,2
85623,Sølystgade 24,2
23715,Fredensgade 29,2
9331,Brammersgade 25,2
55457,Montanagade 39,2
7570,Birkevej 5,2
73054,Sjællandsgade 21,2
2664,Vester Alle,2
98538,Østergade 23,2
84112,Strandparken 19,2
90837,Trepkasgade 7,2
59426,Ny Munkegade 70,2
4894,Assensgade 26,2
87807,Thunøgade 11,2
45871,Knudrisgade 22,2
13171,Bøgevej 5,2
22260,Ewaldsgade 10,2
97068,Volden 17,2
55426,Montanagade 11,2
33733,Hjortensgade 16,2
28568,Guldsmedgade 25,2
32054,Hedemannsgade 5,2
81568,Stadion Alle 12,2
3978,Amaliegade 23,2
48978,Langelandsgade 106,2
15494,Dannebrogsgade 4,2
51117,Lollandsgade 50,2
85216,Søgade 11,2
73072,Sjællandsgade 37,2
54358,Marselisvej 3,2
94371,Vester Alle 20,2
59169,Norsgade 1,2
84096,Strandparken 3,2
97551,Wilstersgade 43,2
23742,Fredensgade 46,2
108010,Mindebro,2
51381,Lundingsgade 5,2
2095,Sejrøgade (1917-),2
85776,Søndergade 44,2
3142,Absalonsgade 11,2
54394,Marstrandsgade 7,2
42338,Kaløgade 12,2
56418,Museumsgade 20,2
45893,Knudrisgade 42,2
24006,Frederiksgade 35,2
9326,Brammersgade 20,2
2259,Solsortevej (1927-),2
34430,Holbergsgade 17,2
94419,Vesterbro Torv 8,2
4893,Assensgade 24,2
60897,Nørregade 49,2
55172,Mindegade 9,2
1689,Møllevejen,2
73132,Sjællandsgade 83,2
22906,Fiskergade 33,2
28301,Grønnegade 3,2
51126,Lollandsgade 59,2
76145,Skovbrynet 48,2
33731,Hjortensgade 15,2
85611,Sølystgade 15,2
15511,Dannebrogsgade 21,2
23906,Frederiks Alle 97,2
32859,Helgolandsgade 19,2
73258,Skanderborgvej 15,2
47687,Kystvejen 23,2
51115,Lollandsgade 48,2
9281,Bragesvej 8,2
71433,Samsøgade 58,2
571,Engvej,2
55314,Molsgade 1,2
60920,Nørreport 27,2
31866,Havnegade 28,2
94613,Vestergade 82,2
93171,Valdemarsgade 46,2
23905,Frederiks Alle 96,2
15587,De Mezas Vej 8,2
67519,Rosensgade 17,2
56420,Museumsgade 24,2
9317,Brammersgade 7,2
60901,Nørregade 59,2
97535,Wilstersgade 23,2
45868,Knudrisgade 20,2
51382,Lundingsgade 6,2
35918,Horsensgade 5,2
23921,Frederiks Alle 110,2
73052,Sjællandsgade 19,2
94426,Vesterbrogade 2,2
35297,Holmevej 109,2
51125,Lollandsgade 58,2
46973,Kriegersvej 11,2
59418,Ny Munkegade 64,2
61392,Odensegade 42,2
94603,Vestergade 74,2
137,Barthsgade (1904-),2
2251,Solgaarden (1933-),2
8251,Blegdammen 3,2
32861,Helgolandsgade 21,2
32197,Heibergsgade 25,2
54356,Marselisborg Skov 1,2
93146,Valdemarsgade 25,2
87316,Teglværksgade 13,2
8256,Blegdammen 9,2
55456,Montanagade 38,2
77250,Skovvangsvej 9,2
108074,Østbanetorvet 4,2
59438,Ny Munkegade 80,2
28337,Grønnegade 66,2
54815,Mejlgade 37,2
108141,Bispetoften,2
89188,Tordenskjoldsgade 106,2
51082,Lollandsgade 10,2
81577,Stadion Alle 20,2
1552,Malmøgade,2
61385,Odensegade 35,2
97542,Wilstersgade 32,2
26878,Graven 29,2
45857,Knudrisgade 9,2
73174,Sjællandsgade 117,2
71389,Samsøgade 4,2
7789,Bissensgade 8,2
22908,Fiskergade 39,2
47179,Kroghsgade 12,2
93182,Valdemarsgade 56,2
73068,Sjællandsgade 34,2
85652,Sølystgade 51,2
2623,Vagtelvej (1927-),2
61378,Odensegade 28,2
73166,Sjællandsgade 110,2
71452,Samsøgade 89,2
48933,Langelandsgade 4,2
94418,Vesterbro Torv 7,2
108537,Rosensgade 162,2
47686,Kystvejen 21,2
23876,Frederiks Alle 55,2
59434,Ny Munkegade 76,2
23963,Frederiks Alle 151,2
56419,Museumsgade 22,2
90839,Trepkasgade 10,2
28343,Grønnegade 70,2
97550,Wilstersgade 41,2
91913,Trøjborgvej 38,2
45660,Klosterport 9,2
81055,Spanien 3,2
22338,Falstersgade 4,2
59184,Norsgade 12,2
32059,Hedemannsgade 10,2
422,Dollerupvej (1931-),2
92085,Tværgade 18,2
98198,Østboulevarden 11,2
51086,Lollandsgade 15,2
23979,Frederiksbjerg Torv 8,2
16160,Dybbølgade 7,2
34428,Holbergsgade 15,1
3158,Absalonsgade 27,1
77470,Skovvejen 67,1
51122,Lollandsgade 55,1
3177,Absalonsgade 49,1
95062,Vesterport 6,1
59189,Norsgade 16,1
26435,Gerlachsgade 14,1
85636,Sølystgade 36,1
1057,Hyldevej,1
84477,Studsgade 31,1
77478,Skovvejen 79,1
87885,Tietgens Plads 10,1
2380,Svinget,1
97497,Willemoesgade 34,1
23956,Frederiks Alle 141,1
73039,Sjællandsgade 7,1
89172,Tordenskjoldsgade 80,1
1220,Kastaniegade (1927-),1
81540,St. St. Blichers Gade 23,1
2301,Stavangergade (1910-),1
4117,Anholtsgade 9,1
51080,Lollandsgade 8,1
16015,Dronning Margrethes Vej 15,1
64098,Pilevej 4,1
1623,Monradsvej,1
99503,Åboulevarden 54,1
50750,Lindevej 7,1
8938,Borggade 5,1
54223,Marselis Boulevard 94,1
68824,Ryesgade 2A,1
89109,Tordenskjoldsgade 4,1
85653,Sølystgade 52,1
60708,Nørre Alle 22,1
33722,Hjortensgade 5,1
54314,Marselisborg Alle 32,1
61369,Odensegade 18,1
48984,Langelandsgade 112,1
84127,Strandparken 35,1
77296,Skovvangsvej 143,1
22257,Ewaldsgade 7,1
94254,Vejlegade 3,1
108767,Aarhus Hovedbanegård (1929-),1
82441,Steinmannsgade 2,1
89166,Tordenskjoldsgade 73,1
63083,Pallisvej 20,1
33134,Herredsvej 14,1
94607,Vestergade 78,1
48995,Langelandsgade 130,1
72005,Schleppegrellsgade 23,1
89165,Tordenskjoldsgade 71,1
54367,Marselisvej 12,1
24064,Frederiksgade 86,1
32797,Helgenæsgade 6,1
32176,Heibergsgade 4,1
33689,Hjelmensgade 6,1
33744,Hjortensgade 28,1
84118,Strandparken 25,1
94435,Vesterbrogade 8,1
51097,Lollandsgade 26,1
73265,Skanderborgvej 21,1
55440,Montanagade 27,1
23930,Frederiks Alle 117,1
5194,Badstuegade 4,1
187,Bjarkesvej,1
1575,Marselis Tværvej (1914-),1
71428,Samsøgade 48,1
87855,Thunøgade 60,1
37140,Høegh-Guldbergs Gade 49,1
75559,Skolegyde 1,1
32862,Helgolandsgade 22,1
97578,Ydunsvej 10,1
97549,Wilstersgade 39,1
1719,Nobilis,1
109422,Toldboden,1
1971,Rosenhaven,1
51134,Lollandsgade 67,1
108101,Fortegården,1
51132,Lollandsgade 65,1
85703,Sønder Alle 25,1
89148,Tordenskjoldsgade 40,1
24111,Frejasvej 19,1
40742,Jerichausgade 20,1
13174,Bøgevej 7,1
43049,Kastaniegade 5,1
60778,Nørre Alle 54,1
8935,Borggade 1,1
2268,Sommervej,1
57397,Møllestien 24,1
87794,Thunøgade 3,1
97545,Wilstersgade 34,1
23976,Frederiksbjerg Torv 5,1
67487,Rosenkrantzgade 5,1
91912,Trøjborgvej 36,1
109373,Studsgade 68,1
51084,Lollandsgade 12,1
33683,Hjelmensgade 2,1
55464,Montanagade 44,1
34445,Holbergsgade 31,1
23731,Fredensgade 39,1
9755,Brendstrupvej 35,1
51141,Lollandsgade 75,1
89145,Tordenskjoldsgade 36,1
23866,Frederiks Alle 32,1
61660,Oldjorden 3,1
67526,Rosensgade 21,1
89110,Tordenskjoldsgade 5,1
84478,Studsgade 32,1
2699,Vibyvej,1
4116,Anholtsgade 8,1
71404,Samsøgade 21,1
73180,Sjællandsgade 120,1
55171,Mindegade 8,1
85604,Sølystgade 10,1
87830,Thunøgade 31,1
6227,Barthsgade 5,1
9316,Brammersgade 6,1
1072,Højagervej,1
97546,Wilstersgade 35,1
22500,Fasanvej 28,1
9333,Brammersgade 27,1
1809,Ole Rømers Gade (1907-),1
77298,Skovvangsvej 147,1
32053,Hedemannsgade 4,1
14751,Dalgas Avenue 2,1
87847,Thunøgade 50,1
98018,Ørnevej 4,1
71363,Saltholmsgade 29,1
97726,Ærøgade 5,1
32823,Helgesvej 1,1
100070,Ågade 7,1
108507,Mejlgade 96,1
89142,Tordenskjoldsgade 33,1
22259,Ewaldsgade 9,1
15580,De Mezas Vej 1,1
62275,Ordrupvej 1,1
51334,Lundbyesgade 23,1
28317,Grønnegade 49,1
93156,Valdemarsgade 36,1
35925,Horsensgade 15,1
86276,Søndre Ringgade 19,1
23865,Frederiks Alle 30,1
63304,Paradisgade 9,1
22386,Falstersgade 48,1
28793,Gyldenløvesgade 5,1
1614,Mirabellevej,1
48944,Langelandsgade 17,1
1843,Pallisvej,1
39066,Ingerslevs Boulevard 21,1
108208,Badstuegade 890,1
26826,Graven 9,1
12733,Bøgegade 6,1
108960,Aarhus Kunstbygning (1917-),1
84326,Strandvejen 18,1
22354,Falstersgade 18,1
15522,Dannebrogsgade 23,1
77378,Skovvangsvej 235,1
72197,Sejrøgade 17,1
109582,Aarhus Rådhus (1857-1941),1
73093,Sjællandsgade 58,1
32051,Hedemannsgade 2,1
60789,Nørre Alle 64,1
108119,Frederiks Bro,1
108815,Mejlgade 4,1
54240,Marselis Boulevard 112,1
77364,Skovvangsvej 221,1
2217,Slugten,1
26828,Graven 11,1
108956,Skt. Pauls Kirke (1887-),1
79867,Solbakkevej 7,1
98019,Ørnevej 5,1
77436,Skovvejen 40,1
31867,Havnegade 30,1
8945,Borggade 12,1
28327,Grønnegade 56,1
97062,Volden 10,1
63,Arendalsvej (1927-),1
23952,Frederiks Alle 138,1
108595,Snævringen,1
108035,Vestergade 9,1
24,Ahornvej,1
45658,Klosterport 6,1
9350,Brammersgade 60,1
4919,Asylvej 1,1
29694,Haraldsgade 45,1
107705,Møllevang,1
2358,Strandvænget,1
87859,Thyrasgade 4,1
54879,Mejlgade 79,1
1376,Kærlighedsstien,1
23812,Fredericiagade 22,1
73192,Sjællandsgade 132,1
85631,Sølystgade 33,1
89036,Toldbodgade 8,1
23743,Fredensgade 47,1
1926,Regenburgsgade,1
60893,Nørregade 44,1
59202,Norsgade 25,1
57403,Møllestien 36,1
51321,Lundbyesgade 8,1
32793,Helgenæsgade 2,1
55473,Montanagade 51,1
4883,Assensgade 7,1
32863,Helgolandsgade 23,1
23814,Fredericiagade 27,1
59403,Ny Munkegade 34,1
39152,Irisvej 8,1
64237,Platanvej 3,1
2603,Tårbækvej (1920-),1
71454,Samsøgade 94,1
67498,Rosenkrantzgade 16,1
1566,Marienlundsvej,1
33742,Hjortensgade 24,1
99372,Østrevej 23,1
24016,Frederiksgade 43,1
25656,Gammel Munkegade 19,1
35922,Horsensgade 9,1
94260,Vejlegade 9,1
51323,Lundbyesgade 10,1
51405,Lundingsgade 24,1
22389,Falstersgade 51,1
1571,Marklodden,1
87800,Thunøgade 7B,1
57408,Møllestien 43,1
51089,Lollandsgade 18,1
84485,Studsgade 38,1
54279,Marselisborg Alle 5,1
2498,Tjelevej,1
29672,Haraldsgade 9,1
42543,Kannikegade 14,1
81742,Stationsgade 2,1
23730,Fredensgade 38,1
54795,Mejlgade 24,1
1879,Platanvej,1
97484,Willemoesgade 22,1
66485,Ringkøbingvej 9,1
107699,Moesgård,1
23655,Fredens Torv 1,1
108168,Hans Hartvig Seedorffs Stræde 12,1
9325,Brammersgade 19,1
657,Frejasvej,1
59504,Nyborggade 4,1
51329,Lundbyesgade 18,1
45866,Knudrisgade 18,1
16462,Edisonsvej 15,1
73102,Sjællandsgade 62,1
77497,Skovvejen 111,1
2036,Rønnevej,1
39067,Ingerslevs Boulevard 22,1
3971,Amaliegade 17,1
1964,Rolfsgade,1
95073,Vesterport 10,1
55419,Montanagade 5,1
77276,Skovvangsvej 36,1
15493,Dannebrogsgade 3,1
59384,Ny Munkegade 11,1
108554,Mejlgade 131,1
23926,Frederiks Alle 114,1
68823,Ryesgade 1,1
46976,Kriegersvej 19,1
20148,Engelstoft 20,1
71393,Samsøgade 10,1
2107,Siriusvej,1
82443,Steinmannsgade 4,1
73074,Sjællandsgade 40,1
92486,Udsigten 15,1
1985,Rugbakkevej,1
66501,Ringkøbingvej 27,1
28346,Grønnegade 74,1
51331,Lundbyesgade 20,1
28740,Gyden 5,1
59419,Ny Munkegade 65,1
15503,Dannebrogsgade 15,1
2673,Vestergårdsvej,1
58481,Nordre Ringgade 58,1
55448,Montanagade 30,1
1519,Lærkevej,1
28345,Grønnegade 72,1
97482,Willemoesgade 18,1
97505,Willemoesgade 42,1
28382,Grønningen 1,1
77474,Skovvejen 73,1
7786,Bissensgade 5,1
71996,Schleppegrellsgade 17,1
93153,Valdemarsgade 33,1
47706,Kystvejen 61,1
54308,Marselisborg Alle 27,1
71411,Samsøgade 28,1
23908,Frederiks Alle 99,1
837,Harald Skovbys Gade (1906-),1
349,Carl Jensens Vej,1
32204,Heibergsgade 34,1
431,Drosselvej (1927-),1
108021,Frue Kirkerist,1
25136,Fynsgade 26,1
108207,Lille Torv 268,1
740,Glentevej,1
97473,Willemoesgade 7,1
40737,Jerichausgade 14,1
4114,Anholtsgade 6,1
71982,Schleppegrellsgade 3,1
72182,Sejrøgade 3,1
67256,Rolighedsvej 79,1
73053,Sjællandsgade 20,1
77415,Skovvejen 21,1
107436,Marselisborg Hospital,1
48943,Langelandsgade 16,1
72006,Schleppegrellsgade 24,1
77496,Skovvejen 109,1
32833,Helgesvej 11,1
11,Adolph Meyers Vej (1937-),1
107838,Vejlby,1
60892,Nørregade 42,1
665,Frodesvej,1
85654,Sølystgade 53,1
54420,Marstrandsgade 32,1
23882,Frederiks Alle 62,1
23871,Frederiks Alle 47,1
59429,Ny Munkegade 72,1
2470,Thorsvej,1
71345,Saltholmsgade 3,1
71395,Samsøgade 11,1
3143,Absalonsgade 12,1
108511,Munkeport,1
45631,Klostergade 37,1
97624,Yrsavej 30,1
108957,Aarhus Amtssygehus - Ingerslevs Boulevard (1882-1935),1
89111,Tordenskjoldsgade 6,1
23661,Fredens Torv 7,1
23809,Fredericiagade 16,1
8255,Blegdammen 8,1
60758,Nørre Alle 49,1
71408,Samsøgade 25,1
54270,Marselisborg Alle 3A,1
3174,Absalonsgade 43,1
60723,Nørre Alle 30,1
546,Engdraget,1
30167,Haslevej 17,1
73154,Sjællandsgade 99,1
90846,Trepkasgade 18,1
107842,Viby,1
71398,Samsøgade 15,1
693,Fænøgade,1
28795,Gyldenløvesgade 7,1
1306,Kongevejen (1937-),1
66208,Regenburgsgade 13,1
22346,Falstersgade 11,1
2137,Skolebanken,1
32838,Helgesvej 16,1
76199,Skovfaldet 11,1
67524,Rosensgade 19,1
1957,Risvangen,1
54241,Marselis Boulevard 113,1
73194,Sjællandsgade 134,1
39055,Ingerslevs Boulevard 8,1
51118,Lollandsgade 51,1
82454,Steinmannsgade 15,1
34423,Holbergsgade 8,1
24023,Frederiksgade 51,1
59383,Ny Munkegade 10,1
65617,Randersvej 30,1
89177,Tordenskjoldsgade 84,1
107744,Rosenhøj,1
45615,Klostergade 20,1
35921,Horsensgade 8,1
97083,Volden 31,1
6231,Barthsgade 9,1
60818,Nørre Alle 84,1
54893,Mejlgade 95,1
62379,Orla Lehmanns Alle 6,1
28314,Grønnegade 47,1
2600,Tøndergade,1
87870,Thyrasgade 16,1
59529,Nygade 18,1
77393,Skovvejen 4,1
55450,Montanagade 32,1
28574,Guldsmedgade 29,1
826,Hans Hartvig Seedorffs Stræde,1
29590,Harald Jensens Plads 15,1
77461,Skovvejen 57,1
22262,Ewaldsgade 14,1
73087,Sjællandsgade 53,1
41657,Jyllands Alle 5,1
95061,Vesterport 4,1
110,Bakkely,1
51385,Lundingsgade 9,1
63341,Park Alle 9,1
93150,Valdemarsgade 29,1
54392,Marstrandsgade 5,1
94425,Vesterbrogade 1,1
50744,Lindevej 1,1
73172,Sjællandsgade 115,1
1937,Reykjaviksgade (1929-),1
51123,Lollandsgade 56,1
55484,Montanagade 68,1
77701,Skt. Pauls Gade 42,1
87883,Tietgens Plads 8,1
61383,Odensegade 33,1
108665,Møllegyde,1
98211,Østboulevarden 35,1
15582,De Mezas Vej 3,1
4933,Atlasvej 5,1
41764,Jægergårdsgade 16,1
71455,Samsøgade 96,1
90843,Trepkasgade 14,1
28565,Guldsmedgade 24,1
54299,Marselisborg Alle 17,1
10937,Bulowsgade 32,1
1230,Katrinebjergvej (1935-),1
24000,Frederiksgade 28,1
72449,Silkeborgvej 43,1
59408,Ny Munkegade 42,1
33745,Hjortensgade 30,1
71435,Samsøgade 62,1
1433,Lerbjerg,1
51380,Lundingsgade 4,1
1288,Klostertorvet,1
24029,Frederiksgade 60,1
81065,Spanien 63,1
23933,Frederiks Alle 121,1
34435,Holbergsgade 22,1
3160,Absalonsgade 29,1
41754,Jægergårdsgade 5,1
94615,Vestergade 84,1
107546,Constantinsborg,1
68728,Rungstedvej 11,1
16161,Dybbølgade 9,1
87854,Thunøgade 58,1
84344,Strandvejen 88,1
1497,Lyngbyvej (1932-),1
453,Edisonsvej,1
1262,Kirketorvet,1
29693,Haraldsgade 43,1
42433,Kanehaven 19,1
39059,Ingerslevs Boulevard 14,1
85658,Sølystgade 57,1
67212,Rolfsgade 20,1
2434,Søvej,1
85639,Sølystgade 39,1
71403,Samsøgade 20,1
77380,Skovvangsvej 237,1
84484,Studsgade 36,1
56415,Museumsgade 12,1
75535,Skolegade 2,1
82446,Steinmannsgade 7,1
73041,Sjællandsgade 9,1
54807,Mejlgade 33,1
15527,Dannebrogsgade 24,1
51411,Lundingsgade 35,1
71407,Samsøgade 24,1
1677,Møllebakken,1
87321,Teglværksgade 18,1
54901,Mejlgade 107,1
32795,Helgenæsgade 4,1
47703,Kystvejen 55,1
3963,Amaliegade 7,1
57418,Møllestien 51,1
64111,Pilevej 14,1
28323,Grønnegade 54,1
85624,Sølystgade 25,1
73076,Sjællandsgade 42,1
23811,Fredericiagade 20,1
91905,Trøjborgvej 16,1
39186,Istedgade 27,1
39188,Istedgade 31,1
93186,Valdemarsgade 61,1
55425,Montanagade 10,1
32181,Heibergsgade 9,1
45898,Knudrisgade 46,1
14328,Chr. Kiers Plads 4,1
51114,Lollandsgade 47,1
32203,Heibergsgade 32,1
14632,Christiansgade 30,1
62383,Orla Lehmanns Alle 10,1
10946,Bulowsgade 38,1
71426,Samsøgade 44,1
108236,Studsgade 158,1
94362,Vester Alle 7,1
108261,Vestergade 52,1
77487,Skovvejen 93,1
108097,Skt. Clemens Torv 5,1
73175,Sjællandsgade 118,1
107597,Harlev Sogn,1
15530,Dannebrogsgade 31,1
108972,Aarhus Kommunehospital (1893-),1
108893,Galgebakken,1
108583,Mejlgade 130,1
51336,Lundbyesgade 26,1
29591,Harald Jensens Plads 17,1
109394,Havgyden (1871-1939),1
25138,Fynsgade 28,1
85,Atlasvej,1
22910,Fiskergade 42,1
26431,Gerlachsgade 10,1
68831,Ryesgade 8,1
59422,Ny Munkegade 67,1
54292,Marselisborg Alle 9,1
84480,Studsgade 34,1
48950,Langelandsgade 24,1
34419,Holbergsgade 4,1
51093,Lollandsgade 22,1
73078,Sjællandsgade 44,1
71462,Samsøgade 106,1
60834,Nørrebrogade 2,1
77460,Skovvejen 55,1
2455,Ternevej,1
52565,Læssøesgade 49,1
97593,Ydunsvej 25,1
47707,Kystvejen 63,1
3968,Amaliegade 14,1
109031,Viby Mark,1
25139,Fynsgade 29,1
25257,Fåborggade 19A,1
1970,Rosengaarden (1933-),1
23600,Fortevej 112,1
26873,Graven 25,1
73126,Sjællandsgade 81,1
84315,Strandvejen 8A,1
71432,Samsøgade 56,1
89161,Tordenskjoldsgade 65,1
1165,Jernbanevej,1
33133,Herredsvej 12,1
108720,M. P. Bruuns Bro (1875-),1
34441,Holbergsgade 28,1
22353,Falstersgade 17,1
4896,Assensgade 30,1
1195,Kalmargade (1930-),1
60727,Nørre Alle 33,1
85619,Sølystgade 21,1
51135,Lollandsgade 68,1
61372,Odensegade 22,1
9319,Brammersgade 10,1
597,F. Vestergaards Gade (1913-),1
2149,Skovbakkevej,1
22387,Falstersgade 49,1
85603,Sølystgade 9,1
32205,Heibergsgade 36,1
59401,Ny Munkegade 28,1
3969,Amaliegade 15,1
3964,Amaliegade 8,1
59192,Norsgade 19,1
2241,Solbakkevej,1
32180,Heibergsgade 8,1
4898,Assensgade 34,1
67965,Rugbakkevej 18,1
77382,Skovvangsvej 240,1
929,Hedeager,1
25137,Fynsgade 27,1
87833,Thunøgade 33,1
60918,Nørreport 25,1
55413,Montanagade 1,1
93101,Vagtelvej 6,1
71399,Samsøgade 16,1
75527,Skolebakken 17,1
109287,Aarhus Rådhus (1683-1859),1
32864,Helgolandsgade 25,1
97512,Willemoesgade 50,1
57423,Møllestien 59,1
54205,Marselis Boulevard 74,1
25119,Fynsgade 3,1
77330,Skovvangsvej 182,1
57414,Møllestien 49,1
92110,Tværgade 65,1
131,Banevej,1
93175,Valdemarsgade 50,1
51087,Lollandsgade 16,1
2814,Østrevej,1
639,Forten,1
1690,Mønsgade,1
32802,Helgenæsgade 10,1
45903,Knudrisgade 50,1
57235,Møllegade 13,1
41794,Jægergårdsgade 44,1
73114,Sjællandsgade 72,1
59402,Ny Munkegade 32,1
71427,Samsøgade 46,1
2046,Rådmand Liisbergs Gade (1929-),1
98186,Østboulevarden 1,1
90836,Trepkasgade 6,1
57398,Møllestien 26,1
98542,Østergade 28,1
28386,Grønningen 6,1
108470,Harmonien,1
87880,Tietgens Plads 5,1
23808,Fredericiagade 14,1
60806,Nørre Alle 77,1
32857,Helgolandsgade 17,1
1124,Irisvej,1
2296,Stationsgade,1
8799,Bogensegade 11,1
32190,Heibergsgade 18,1
94255,Vejlegade 4,1
85612,Sølystgade 16,1
14761,Dalgas Avenue 10,1
2175,Skt. Clemens Stræde,1
84094,Strandparken 1,1
32834,Helgesvej 12,1
48951,Langelandsgade 25,1
16014,Dronning Margrethes Vej 14,1
63308,Paradisgade 12,1
73035,Sjællandsgade 2,1
15583,De Mezas Vej 4,1
52868,Maden 4,1
54218,Marselis Boulevard 89,1
51379,Lundingsgade 3,1
98188,Østboulevarden 5,1
823,Hans Broges Gade,1
25134,Fynsgade 24,1
7784,Bissensgade 3,1
73089,Sjællandsgade 54,1
7805,Bjarkesvej 3,1
90011,Tousvej 5,1
47177,Kroghsgade 8,1
66481,Ringkøbingvej 4,1
51088,Lollandsgade 17,1
34422,Holbergsgade 7,1
2679,Vestervang,1
98183,Østbanetorvet 7,1
71417,Samsøgade 33,1
58507,Nordre Ringgade 111,1
77434,Skovvejen 38,1
2693,Vibevej,1
87835,Thunøgade 37,1
25647,Gammel Munkegade 6,1
59404,Ny Munkegade 36,1
77290,Skovvangsvej 131,1
59527,Nygade 14,1
23988,Frederiksgade 14,1
71635,Sandgravvej 3,1
66507,Ringkøbingvej 35,1
